,corp_name,corp_name,corp_name,corp_name,corp_name,corp_name,corp_name,corp_name,corp_name,corp_name,corp_name,corp_name,corp_name,corp_name,corp_name,corp_name,corp_name,corp_name,corp_name,corp_name,corp_name,corp_name,corp_name,corp_name,corp_name,corp_name,corp_name,corp_name,corp_name,corp_name,corp_name,corp_name,corp_name,corp_name,corp_name,corp_name,corp_name,corp_name,corp_name,corp_name,corp_name,corp_name,corp_name,corp_name,corp_name,corp_name,corp_name,corp_name,corp_name,corp_name,corp_name,corp_name,corp_name,corp_name,corp_name,corp_name,corp_name,corp_name,corp_name,corp_name,corp_name,corp_name,corp_name,corp_name,corp_name,corp_name,corp_name,corp_name,corp_name,corp_name,corp_name,corp_name,corp_name,corp_name,corp_name,corp_name,corp_name,corp_name,corp_name,corp_name,corp_name,corp_name,corp_name,corp_name,corp_name,corp_name,corp_name,corp_name,corp_name,corp_name,corp_name,corp_name,corp_name,corp_name,corp_name,corp_name,corp_name,corp_name,corp_name,corp_name,corp_name,corp_name,corp_name,corp_name,corp_name,corp_name,corp_name,corp_name,corp_name,corp_name,corp_name,corp_name,corp_name,corp_name,corp_name,corp_name,corp_name,corp_name,corp_name,corp_name,corp_name,corp_name,corp_name,corp_name,corp_name,corp_name,corp_name,corp_name,corp_name,corp_name,corp_name,corp_name,corp_name,corp_name,corp_name,corp_name,corp_name,corp_name,corp_name,corp_name,corp_name,corp_name,corp_name,corp_name,corp_name,corp_name,corp_name,corp_name,corp_name,corp_name,corp_name,corp_name,corp_name,corp_name,corp_name,corp_name,corp_name,corp_name,corp_name,corp_name,corp_name,corp_name,corp_name,corp_name,corp_name,corp_name,corp_name,corp_name,corp_name,corp_name,corp_name,corp_name,corp_name,corp_name,corp_name,corp_name,corp_name,corp_name,corp_name,corp_name,corp_name,corp_name
bsns_year,2015,2015,2015,2015,2015,2015,2015,2015,2015,2015,2015,2015,2015,2015,2015,2015,2015,2015,2015,2015,2015,2015,2015,2015,2015,2015,2016,2016,2016,2016,2016,2016,2016,2016,2016,2016,2016,2016,2016,2016,2016,2016,2016,2016,2016,2016,2016,2016,2016,2016,2016,2016,2017,2017,2017,2017,2017,2017,2017,2017,2017,2017,2017,2017,2017,2017,2017,2017,2017,2017,2017,2017,2017,2017,2017,2017,2017,2017,2018,2018,2018,2018,2018,2018,2018,2018,2018,2018,2018,2018,2018,2018,2018,2018,2018,2018,2018,2018,2018,2018,2018,2018,2018,2018,2019,2019,2019,2019,2019,2019,2019,2019,2019,2019,2019,2019,2019,2019,2019,2019,2019,2019,2019,2019,2019,2019,2019,2019,2019,2019,2020,2020,2020,2020,2020,2020,2020,2020,2020,2020,2020,2020,2020,2020,2020,2020,2020,2020,2020,2020,2020,2020,2020,2020,2020,2020,2021,2021,2021,2021,2021,2021,2021,2021,2021,2021,2021,2021,2021,2021,2021,2021,2021,2021,2021,2021,2021,2021,2021,2021,2021,2021
fs_nm,연결재무제표,연결재무제표,연결재무제표,연결재무제표,연결재무제표,연결재무제표,연결재무제표,연결재무제표,연결재무제표,연결재무제표,연결재무제표,연결재무제표,연결재무제표,재무제표,재무제표,재무제표,재무제표,재무제표,재무제표,재무제표,재무제표,재무제표,재무제표,재무제표,재무제표,재무제표,연결재무제표,연결재무제표,연결재무제표,연결재무제표,연결재무제표,연결재무제표,연결재무제표,연결재무제표,연결재무제표,연결재무제표,연결재무제표,연결재무제표,연결재무제표,재무제표,재무제표,재무제표,재무제표,재무제표,재무제표,재무제표,재무제표,재무제표,재무제표,재무제표,재무제표,재무제표,연결재무제표,연결재무제표,연결재무제표,연결재무제표,연결재무제표,연결재무제표,연결재무제표,연결재무제표,연결재무제표,연결재무제표,연결재무제표,연결재무제표,연결재무제표,재무제표,재무제표,재무제표,재무제표,재무제표,재무제표,재무제표,재무제표,재무제표,재무제표,재무제표,재무제표,재무제표,연결재무제표,연결재무제표,연결재무제표,연결재무제표,연결재무제표,연결재무제표,연결재무제표,연결재무제표,연결재무제표,연결재무제표,연결재무제표,연결재무제표,연결재무제표,재무제표,재무제표,재무제표,재무제표,재무제표,재무제표,재무제표,재무제표,재무제표,재무제표,재무제표,재무제표,재무제표,연결재무제표,연결재무제표,연결재무제표,연결재무제표,연결재무제표,연결재무제표,연결재무제표,연결재무제표,연결재무제표,연결재무제표,연결재무제표,연결재무제표,연결재무제표,재무제표,재무제표,재무제표,재무제표,재무제표,재무제표,재무제표,재무제표,재무제표,재무제표,재무제표,재무제표,재무제표,연결재무제표,연결재무제표,연결재무제표,연결재무제표,연결재무제표,연결재무제표,연결재무제표,연결재무제표,연결재무제표,연결재무제표,연결재무제표,연결재무제표,연결재무제표,재무제표,재무제표,재무제표,재무제표,재무제표,재무제표,재무제표,재무제표,재무제표,재무제표,재무제표,재무제표,재무제표,연결재무제표,연결재무제표,연결재무제표,연결재무제표,연결재무제표,연결재무제표,연결재무제표,연결재무제표,연결재무제표,연결재무제표,연결재무제표,연결재무제표,연결재무제표,재무제표,재무제표,재무제표,재무제표,재무제표,재무제표,재무제표,재무제표,재무제표,재무제표,재무제표,재무제표,재무제표
sj_nm,재무상태표,재무상태표,재무상태표,재무상태표,재무상태표,재무상태표,재무상태표,재무상태표,재무상태표,손익계산서,손익계산서,손익계산서,손익계산서,재무상태표,재무상태표,재무상태표,재무상태표,재무상태표,재무상태표,재무상태표,재무상태표,재무상태표,손익계산서,손익계산서,손익계산서,손익계산서,재무상태표,재무상태표,재무상태표,재무상태표,재무상태표,재무상태표,재무상태표,재무상태표,재무상태표,손익계산서,손익계산서,손익계산서,손익계산서,재무상태표,재무상태표,재무상태표,재무상태표,재무상태표,재무상태표,재무상태표,재무상태표,재무상태표,손익계산서,손익계산서,손익계산서,손익계산서,재무상태표,재무상태표,재무상태표,재무상태표,재무상태표,재무상태표,재무상태표,재무상태표,재무상태표,손익계산서,손익계산서,손익계산서,손익계산서,재무상태표,재무상태표,재무상태표,재무상태표,재무상태표,재무상태표,재무상태표,재무상태표,재무상태표,손익계산서,손익계산서,손익계산서,손익계산서,재무상태표,재무상태표,재무상태표,재무상태표,재무상태표,재무상태표,재무상태표,재무상태표,재무상태표,손익계산서,손익계산서,손익계산서,손익계산서,재무상태표,재무상태표,재무상태표,재무상태표,재무상태표,재무상태표,재무상태표,재무상태표,재무상태표,손익계산서,손익계산서,손익계산서,손익계산서,재무상태표,재무상태표,재무상태표,재무상태표,재무상태표,재무상태표,재무상태표,재무상태표,재무상태표,손익계산서,손익계산서,손익계산서,손익계산서,재무상태표,재무상태표,재무상태표,재무상태표,재무상태표,재무상태표,재무상태표,재무상태표,재무상태표,손익계산서,손익계산서,손익계산서,손익계산서,재무상태표,재무상태표,재무상태표,재무상태표,재무상태표,재무상태표,재무상태표,재무상태표,재무상태표,손익계산서,손익계산서,손익계산서,손익계산서,재무상태표,재무상태표,재무상태표,재무상태표,재무상태표,재무상태표,재무상태표,재무상태표,재무상태표,손익계산서,손익계산서,손익계산서,손익계산서,재무상태표,재무상태표,재무상태표,재무상태표,재무상태표,재무상태표,재무상태표,재무상태표,재무상태표,손익계산서,손익계산서,손익계산서,손익계산서,재무상태표,재무상태표,재무상태표,재무상태표,재무상태표,재무상태표,재무상태표,재무상태표,재무상태표,손익계산서,손익계산서,손익계산서,손익계산서
account_nm,유동자산,비유동자산,자산총계,유동부채,비유동부채,부채총계,자본금,이익잉여금,자본총계,매출액,영업이익,법인세차감전 순이익,당기순이익,유동자산,비유동자산,자산총계,유동부채,비유동부채,부채총계,자본금,이익잉여금,자본총계,매출액,영업이익,법인세차감전 순이익,당기순이익,유동자산,비유동자산,자산총계,유동부채,비유동부채,부채총계,자본금,이익잉여금,자본총계,매출액,영업이익,법인세차감전 순이익,당기순이익,유동자산,비유동자산,자산총계,유동부채,비유동부채,부채총계,자본금,이익잉여금,자본총계,매출액,영업이익,법인세차감전 순이익,당기순이익,유동자산,비유동자산,자산총계,유동부채,비유동부채,부채총계,자본금,이익잉여금,자본총계,매출액,영업이익,법인세차감전 순이익,당기순이익,유동자산,비유동자산,자산총계,유동부채,비유동부채,부채총계,자본금,이익잉여금,자본총계,매출액,영업이익,법인세차감전 순이익,당기순이익,유동자산,비유동자산,자산총계,유동부채,비유동부채,부채총계,자본금,이익잉여금,자본총계,매출액,영업이익,법인세차감전 순이익,당기순이익,유동자산,비유동자산,자산총계,유동부채,비유동부채,부채총계,자본금,이익잉여금,자본총계,매출액,영업이익,법인세차감전 순이익,당기순이익,유동자산,비유동자산,자산총계,유동부채,비유동부채,부채총계,자본금,이익잉여금,자본총계,매출액,영업이익,법인세차감전 순이익,당기순이익,유동자산,비유동자산,자산총계,유동부채,비유동부채,부채총계,자본금,이익잉여금,자본총계,매출액,영업이익,법인세차감전 순이익,당기순이익,유동자산,비유동자산,자산총계,유동부채,비유동부채,부채총계,자본금,이익잉여금,자본총계,매출액,영업이익,법인세차감전 순이익,당기순이익,유동자산,비유동자산,자산총계,유동부채,비유동부채,부채총계,자본금,이익잉여금,자본총계,매출액,영업이익,법인세차감전 순이익,당기순이익,유동자산,비유동자산,자산총계,유동부채,비유동부채,부채총계,자본금,이익잉여금,자본총계,매출액,영업이익,법인세차감전 순이익,당기순이익,유동자산,비유동자산,자산총계,유동부채,비유동부채,부채총계,자본금,이익잉여금,자본총계,매출액,영업이익,법인세차감전 순이익,당기순이익
corp_code_x,,,,,,,,,,,,,,,,,,,,,,,,,,,,,,,,,,,,,,,,,,,,,,,,,,,,,,,,,,,,,,,,,,,,,,,,,,,,,,,,,,,,,,,,,,,,,,,,,,,,,,,,,,,,,,,,,,,,,,,,,,,,,,,,,,,,,,,,,,,,,,,,,,,,,,,,,,,,,,,,,,,,,,,,,,,,,,,,,,,,,,
00106641,기아,기아,기아,기아,기아,기아,,기아,기아,기아,기아,기아,기아,기아,기아,기아,기아,기아,기아,,기아,기아,기아,기아,기아,기아,기아,기아,기아,기아,기아,기아,,기아,기아,기아,기아,기아,기아,기아,기아,기아,기아,기아,기아,,기아,기아,기아,기아,기아,기아,기아,기아,기아,기아,기아,기아,,기아,기아,기아,기아,기아,기아,기아,기아,기아,기아,기아,기아,,기아,기아,기아,기아,기아,기아,기아,기아,기아,기아,기아,기아,,기아,기아,기아,기아,기아,기아,기아,기아,기아,기아,기아,기아,,기아,기아,기아,기아,기아,기아,기아,기아,기아,기아,기아,기아,,기아,기아,기아,기아,기아,기아,기아,기아,기아,기아,기아,기아,,기아,기아,기아,기아,기아,기아,기아,기아,기아,기아,기아,기아,,기아,기아,기아,기아,기아,기아,기아,기아,기아,기아,기아,기아,,기아,기아,기아,기아,기아,기아,기아,기아,기아,기아,기아,기아,,기아,기아,기아,기아,기아,기아,기아,기아,기아,기아,기아,기아,,기아,기아,기아,기아,기아,기아
00126362,삼성SDI,삼성SDI,삼성SDI,삼성SDI,삼성SDI,삼성SDI,삼성SDI,삼성SDI,삼성SDI,삼성SDI,삼성SDI,삼성SDI,삼성SDI,삼성SDI,삼성SDI,삼성SDI,삼성SDI,삼성SDI,삼성SDI,삼성SDI,삼성SDI,삼성SDI,삼성SDI,삼성SDI,삼성SDI,삼성SDI,삼성SDI,삼성SDI,삼성SDI,삼성SDI,삼성SDI,삼성SDI,삼성SDI,삼성SDI,삼성SDI,삼성SDI,삼성SDI,삼성SDI,삼성SDI,삼성SDI,삼성SDI,삼성SDI,삼성SDI,삼성SDI,삼성SDI,삼성SDI,삼성SDI,삼성SDI,삼성SDI,삼성SDI,삼성SDI,삼성SDI,삼성SDI,삼성SDI,삼성SDI,삼성SDI,삼성SDI,삼성SDI,삼성SDI,삼성SDI,삼성SDI,삼성SDI,삼성SDI,삼성SDI,삼성SDI,삼성SDI,삼성SDI,삼성SDI,삼성SDI,삼성SDI,삼성SDI,삼성SDI,삼성SDI,삼성SDI,삼성SDI,삼성SDI,삼성SDI,삼성SDI,삼성SDI,삼성SDI,삼성SDI,삼성SDI,삼성SDI,삼성SDI,삼성SDI,삼성SDI,삼성SDI,삼성SDI,삼성SDI,삼성SDI,삼성SDI,삼성SDI,삼성SDI,삼성SDI,삼성SDI,삼성SDI,삼성SDI,삼성SDI,삼성SDI,삼성SDI,삼성SDI,삼성SDI,삼성SDI,삼성SDI,삼성SDI,삼성SDI,삼성SDI,삼성SDI,삼성SDI,삼성SDI,삼성SDI,삼성SDI,삼성SDI,삼성SDI,삼성SDI,삼성SDI,삼성SDI,삼성SDI,삼성SDI,삼성SDI,삼성SDI,삼성SDI,삼성SDI,삼성SDI,삼성SDI,삼성SDI,삼성SDI,삼성SDI,삼성SDI,삼성SDI,삼성SDI,삼성SDI,삼성SDI,삼성SDI,삼성SDI,삼성SDI,삼성SDI,삼성SDI,삼성SDI,삼성SDI,삼성SDI,삼성SDI,삼성SDI,삼성SDI,삼성SDI,삼성SDI,삼성SDI,삼성SDI,삼성SDI,삼성SDI,삼성SDI,삼성SDI,삼성SDI,삼성SDI,삼성SDI,삼성SDI,삼성SDI,삼성SDI,삼성SDI,삼성SDI,삼성SDI,삼성SDI,삼성SDI,삼성SDI,삼성SDI,삼성SDI,삼성SDI,삼성SDI,삼성SDI,삼성SDI,삼성SDI,삼성SDI,삼성SDI,삼성SDI,삼성SDI,삼성SDI,삼성SDI,삼성SDI,삼성SDI,삼성SDI,삼성SDI,삼성SDI
00126380,삼성전자,삼성전자,삼성전자,삼성전자,삼성전자,삼성전자,,삼성전자,삼성전자,삼성전자,삼성전자,삼성전자,삼성전자,삼성전자,삼성전자,삼성전자,삼성전자,삼성전자,삼성전자,,삼성전자,삼성전자,삼성전자,삼성전자,삼성전자,삼성전자,삼성전자,삼성전자,삼성전자,삼성전자,삼성전자,삼성전자,,삼성전자,삼성전자,삼성전자,삼성전자,삼성전자,삼성전자,삼성전자,삼성전자,삼성전자,삼성전자,삼성전자,삼성전자,,삼성전자,삼성전자,삼성전자,삼성전자,삼성전자,삼성전자,삼성전자,삼성전자,삼성전자,삼성전자,삼성전자,삼성전자,삼성전자,삼성전자,삼성전자,삼성전자,삼성전자,삼성전자,삼성전자,삼성전자,삼성전자,삼성전자,삼성전자,삼성전자,삼성전자,삼성전자,삼성전자,삼성전자,삼성전자,삼성전자,삼성전자,삼성전자,삼성전자,삼성전자,삼성전자,삼성전자,삼성전자,삼성전자,삼성전자,삼성전자,삼성전자,삼성전자,삼성전자,삼성전자,삼성전자,삼성전자,삼성전자,삼성전자,삼성전자,삼성전자,삼성전자,삼성전자,삼성전자,삼성전자,삼성전자,삼성전자,삼성전자,삼성전자,삼성전자,삼성전자,삼성전자,삼성전자,삼성전자,삼성전자,삼성전자,삼성전자,삼성전자,삼성전자,삼성전자,삼성전자,삼성전자,삼성전자,삼성전자,삼성전자,삼성전자,삼성전자,삼성전자,삼성전자,삼성전자,삼성전자,삼성전자,삼성전자,삼성전자,삼성전자,삼성전자,삼성전자,삼성전자,삼성전자,삼성전자,삼성전자,삼성전자,삼성전자,삼성전자,삼성전자,삼성전자,삼성전자,삼성전자,삼성전자,삼성전자,삼성전자,삼성전자,삼성전자,삼성전자,삼성전자,삼성전자,삼성전자,삼성전자,삼성전자,삼성전자,삼성전자,삼성전자,삼성전자,삼성전자,삼성전자,삼성전자,삼성전자,삼성전자,삼성전자,삼성전자,삼성전자,삼성전자,삼성전자,삼성전자,삼성전자,삼성전자,삼성전자,삼성전자,삼성전자,삼성전자,삼성전자,삼성전자,삼성전자,삼성전자,삼성전자,삼성전자,삼성전자
00149655,삼성물산,삼성물산,삼성물산,삼성물산,삼성물산,삼성물산,삼성물산,,삼성물산,삼성물산,삼성물산,삼성물산,삼성물산,삼성물산,삼성물산,삼성물산,삼성물산,삼성물산,삼성물산,,삼성물산,삼성물산,삼성물산,삼성물산,삼성물산,삼성물산,삼성물산,삼성물산,삼성물산,삼성물산,삼성물산,삼성물산,,,삼성물산,삼성물산,삼성물산,삼성물산,삼성물산,삼성물산,삼성물산,삼성물산,삼성물산,삼성물산,삼성물산,,삼성물산,삼성물산,삼성물산,삼성물산,삼성물산,삼성물산,삼성물산,삼성물산,삼성물산,삼성물산,삼성물산,삼성물산,삼성물산,삼성물산,삼성물산,삼성물산,삼성물산,삼성물산,삼성물산,삼성물산,삼성물산,삼성물산,삼성물산,삼성물산,삼성물산,삼성물산,삼성물산,삼성물산,삼성물산,삼성물산,삼성물산,삼성물산,삼성물산,삼성물산,삼성물산,삼성물산,삼성물산,삼성물산,삼성물산,삼성물산,삼성물산,삼성물산,삼성물산,삼성물산,삼성물산,삼성물산,삼성물산,삼성물산,삼성물산,삼성물산,삼성물산,삼성물산,삼성물산,삼성물산,삼성물산,삼성물산,삼성물산,삼성물산,삼성물산,삼성물산,삼성물산,삼성물산,삼성물산,삼성물산,삼성물산,삼성물산,삼성물산,삼성물산,삼성물산,삼성물산,삼성물산,삼성물산,삼성물산,삼성물산,삼성물산,삼성물산,삼성물산,삼성물산,삼성물산,삼성물산,삼성물산,삼성물산,삼성물산,삼성물산,삼성물산,삼성물산,삼성물산,삼성물산,삼성물산,삼성물산,삼성물산,삼성물산,삼성물산,삼성물산,삼성물산,삼성물산,삼성물산,삼성물산,삼성물산,삼성물산,삼성물산,삼성물산,삼성물산,삼성물산,삼성물산,삼성물산,삼성물산,삼성물산,삼성물산,삼성물산,삼성물산,삼성물산,삼성물산,삼성물산,삼성물산,삼성물산,삼성물산,삼성물산,삼성물산,삼성물산,삼성물산,삼성물산,삼성물산,삼성물산,삼성물산,삼성물산,삼성물산,삼성물산,삼성물산,삼성물산,삼성물산,삼성물산,삼성물산,삼성물산,삼성물산,삼성물산
00155276,포스코케미칼,포스코케미칼,포스코케미칼,포스코케미칼,포스코케미칼,포스코케미칼,,,포스코케미칼,포스코케미칼,포스코케미칼,포스코케미칼,포스코케미칼,포스코케미칼,포스코케미칼,포스코케미칼,포스코케미칼,포스코케미칼,포스코케미칼,,포스코케미칼,포스코케미칼,포스코케미칼,포스코케미칼,포스코케미칼,포스코케미칼,포스코케미칼,포스코케미칼,포스코케미칼,포스코케미칼,포스코케미칼,포스코케미칼,,,포스코케미칼,포스코케미칼,포스코케미칼,포스코케미칼,포스코케미칼,포스코케미칼,포스코케미칼,포스코케미칼,포스코케미칼,포스코케미칼,포스코케미칼,,포스코케미칼,포스코케미칼,포스코케미칼,포스코케미칼,포스코케미칼,포스코케미칼,포스코케미칼,포스코케미칼,포스코케미칼,포스코케미칼,포스코케미칼,포스코케미칼,포스코케미칼,포스코케미칼,포스코케미칼,포스코케미칼,포스코케미칼,포스코케미칼,포스코케미칼,포스코케미칼,포스코케미칼,포스코케미칼,포스코케미칼,포스코케미칼,포스코케미칼,포스코케미칼,포스코케미칼,포스코케미칼,포스코케미칼,포스코케미칼,포스코케미칼,포스코케미칼,포스코케미칼,포스코케미칼,포스코케미칼,포스코케미칼,포스코케미칼,포스코케미칼,포스코케미칼,포스코케미칼,포스코케미칼,포스코케미칼,포스코케미칼,포스코케미칼,포스코케미칼,포스코케미칼,포스코케미칼,포스코케미칼,포스코케미칼,포스코케미칼,포스코케미칼,포스코케미칼,포스코케미칼,포스코케미칼,포스코케미칼,포스코케미칼,포스코케미칼,포스코케미칼,포스코케미칼,포스코케미칼,포스코케미칼,포스코케미칼,포스코케미칼,포스코케미칼,포스코케미칼,포스코케미칼,포스코케미칼,포스코케미칼,포스코케미칼,포스코케미칼,포스코케미칼,포스코케미칼,포스코케미칼,포스코케미칼,포스코케미칼,포스코케미칼,포스코케미칼,포스코케미칼,포스코케미칼,포스코케미칼,포스코케미칼,포스코케미칼,포스코케미칼,포스코케미칼,포스코케미칼,포스코케미칼,포스코케미칼,포스코케미칼,포스코케미칼,포스코케미칼,포스코케미칼,포스코케미칼,포스코케미칼,포스코케미칼,포스코케미칼,포스코케미칼,포스코케미칼,포스코케미칼,포스코케미칼,포스코케미칼,포스코케미칼,포스코케미칼,포스코케미칼,포스코케미칼,포스코케미칼,포스코케미칼,포스코케미칼,포스코케미칼,포스코케미칼,포스코케미칼,포스코케미칼,포스코케미칼,포스코케미칼,포스코케미칼,포스코케미칼,포스코케미칼,포스코케미칼,포스코케미칼,포스코케미칼,포스코케미칼,포스코케미칼,포스코케미칼,포스코케미칼,포스코케미칼,포스코케미칼,포스코케미칼,포스코케미칼,포스코케미칼,포스코케미칼,포스코케미칼,포스코케미칼,포스코케미칼,포스코케미칼,포스코케미칼,포스코케미칼,포스코케미칼
00155319,POSCO홀딩스,POSCO홀딩스,POSCO홀딩스,POSCO홀딩스,POSCO홀딩스,POSCO홀딩스,,,POSCO홀딩스,POSCO홀딩스,POSCO홀딩스,POSCO홀딩스,POSCO홀딩스,POSCO홀딩스,POSCO홀딩스,POSCO홀딩스,POSCO홀딩스,POSCO홀딩스,POSCO홀딩스,,POSCO홀딩스,POSCO홀딩스,POSCO홀딩스,POSCO홀딩스,POSCO홀딩스,POSCO홀딩스,POSCO홀딩스,POSCO홀딩스,POSCO홀딩스,POSCO홀딩스,POSCO홀딩스,POSCO홀딩스,,,POSCO홀딩스,POSCO홀딩스,POSCO홀딩스,POSCO홀딩스,POSCO홀딩스,POSCO홀딩스,POSCO홀딩스,POSCO홀딩스,POSCO홀딩스,POSCO홀딩스,POSCO홀딩스,,POSCO홀딩스,POSCO홀딩스,POSCO홀딩스,POSCO홀딩스,POSCO홀딩스,POSCO홀딩스,POSCO홀딩스,POSCO홀딩스,POSCO홀딩스,POSCO홀딩스,POSCO홀딩스,POSCO홀딩스,POSCO홀딩스,POSCO홀딩스,POSCO홀딩스,POSCO홀딩스,POSCO홀딩스,POSCO홀딩스,POSCO홀딩스,POSCO홀딩스,POSCO홀딩스,POSCO홀딩스,POSCO홀딩스,POSCO홀딩스,POSCO홀딩스,POSCO홀딩스,POSCO홀딩스,POSCO홀딩스,POSCO홀딩스,POSCO홀딩스,POSCO홀딩스,POSCO홀딩스,POSCO홀딩스,POSCO홀딩스,POSCO홀딩스,POSCO홀딩스,POSCO홀딩스,POSCO홀딩스,POSCO홀딩스,POSCO홀딩스,POSCO홀딩스,POSCO홀딩스,POSCO홀딩스,POSCO홀딩스,POSCO홀딩스,POSCO홀딩스,POSCO홀딩스,POSCO홀딩스,POSCO홀딩스,POSCO홀딩스,POSCO홀딩스,POSCO홀딩스,POSCO홀딩스,POSCO홀딩스,POSCO홀딩스,POSCO홀딩스,POSCO홀딩스,POSCO홀딩스,POSCO홀딩스,POSCO홀딩스,POSCO홀딩스,POSCO홀딩스,POSCO홀딩스,POSCO홀딩스,POSCO홀딩스,POSCO홀딩스,POSCO홀딩스,POSCO홀딩스,POSCO홀딩스,POSCO홀딩스,POSCO홀딩스,POSCO홀딩스,POSCO홀딩스,POSCO홀딩스,POSCO홀딩스,POSCO홀딩스,POSCO홀딩스,POSCO홀딩스,POSCO홀딩스,POSCO홀딩스,POSCO홀딩스,POSCO홀딩스,POSCO홀딩스,POSCO홀딩스,POSCO홀딩스,POSCO홀딩스,POSCO홀딩스,POSCO홀딩스,POSCO홀딩스,POSCO홀딩스,POSCO홀딩스,POSCO홀딩스,POSCO홀딩스,POSCO홀딩스,POSCO홀딩스,POSCO홀딩스,POSCO홀딩스,POSCO홀딩스,POSCO홀딩스,POSCO홀딩스,POSCO홀딩스,POSCO홀딩스,POSCO홀딩스,POSCO홀딩스,POSCO홀딩스,POSCO홀딩스,POSCO홀딩스,POSCO홀딩스,POSCO홀딩스,POSCO홀딩스,POSCO홀딩스,POSCO홀딩스,POSCO홀딩스,POSCO홀딩스,POSCO홀딩스,POSCO홀딩스,POSCO홀딩스,POSCO홀딩스,POSCO홀딩스,POSCO홀딩스,POSCO홀딩스,POSCO홀딩스,POSCO홀딩스,POSCO홀딩스,POSCO홀딩스,POSCO홀딩스,POSCO홀딩스,POSCO홀딩스,POSCO홀딩스,POSCO홀딩스,POSCO홀딩스,POSCO홀딩스,POSCO홀딩스,POSCO홀딩스,POSCO홀딩스,POSCO홀딩스
00164779,SK하이닉스,SK하이닉스,SK하이닉스,SK하이닉스,SK하이닉스,SK하이닉스,,SK하이닉스,SK하이닉스,SK하이닉스,SK하이닉스,SK하이닉스,SK하이닉스,SK하이닉스,SK하이닉스,SK하이닉스,SK하이닉스,SK하이닉스,SK하이닉스,,SK하이닉스,SK하이닉스,SK하이닉스,SK하이닉스,SK하이닉스,SK하이닉스,SK하이닉스,SK하이닉스,SK하이닉스,SK하이닉스,SK하이닉스,SK하이닉스,,SK하이닉스,SK하이닉스,SK하이닉스,SK하이닉스,SK하이닉스,SK하이닉스,SK하이닉스,SK하이닉스,SK하이닉스,SK하이닉스,SK하이닉스,SK하이닉스,,SK하이닉스,SK하이닉스,SK하이닉스,SK하이닉스,SK하이닉스,SK하이닉스,SK하이닉스,SK하이닉스,SK하이닉스,SK하이닉스,SK하이닉스,SK하이닉스,SK하이닉스,SK하이닉스,SK하이닉스,SK하이닉스,SK하이닉스,SK하이닉스,SK하이닉스,SK하이닉스,SK하이닉스,SK하이닉스,SK하이닉스,SK하이닉스,SK하이닉스,SK하이닉스,SK하이닉스,SK하이닉스,SK하이닉스,SK하이닉스,SK하이닉스,SK하이닉스,SK하이닉스,SK하이닉스,SK하이닉스,SK하이닉스,SK하이닉스,SK하이닉스,SK하이닉스,SK하이닉스,SK하이닉스,SK하이닉스,SK하이닉스,SK하이닉스,SK하이닉스,SK하이닉스,SK하이닉스,SK하이닉스,SK하이닉스,SK하이닉스,SK하이닉스,SK하이닉스,SK하이닉스,SK하이닉스,SK하이닉스,SK하이닉스,SK하이닉스,SK하이닉스,SK하이닉스,SK하이닉스,SK하이닉스,SK하이닉스,SK하이닉스,SK하이닉스,SK하이닉스,SK하이닉스,SK하이닉스,SK하이닉스,SK하이닉스,SK하이닉스,SK하이닉스,SK하이닉스,SK하이닉스,SK하이닉스,SK하이닉스,SK하이닉스,SK하이닉스,SK하이닉스,SK하이닉스,SK하이닉스,SK하이닉스,SK하이닉스,SK하이닉스,SK하이닉스,SK하이닉스,SK하이닉스,SK하이닉스,SK하이닉스,SK하이닉스,SK하이닉스,SK하이닉스,SK하이닉스,SK하이닉스,SK하이닉스,SK하이닉스,SK하이닉스,SK하이닉스,SK하이닉스,SK하이닉스,SK하이닉스,SK하이닉스,SK하이닉스,SK하이닉스,SK하이닉스,SK하이닉스,SK하이닉스,SK하이닉스,SK하이닉스,SK하이닉스,SK하이닉스,SK하이닉스,SK하이닉스,SK하이닉스,SK하이닉스,SK하이닉스,SK하이닉스,SK하이닉스,SK하이닉스,SK하이닉스,SK하이닉스,SK하이닉스,SK하이닉스,SK하이닉스,SK하이닉스,SK하이닉스,SK하이닉스,SK하이닉스,SK하이닉스,SK하이닉스,SK하이닉스,SK하이닉스,SK하이닉스,SK하이닉스,SK하이닉스,SK하이닉스,SK하이닉스
00164788,현대모비스,현대모비스,현대모비스,현대모비스,현대모비스,현대모비스,,,현대모비스,현대모비스,현대모비스,현대모비스,현대모비스,현대모비스,현대모비스,현대모비스,현대모비스,현대모비스,현대모비스,,현대모비스,현대모비스,현대모비스,현대모비스,현대모비스,현대모비스,현대모비스,현대모비스,현대모비스,현대모비스,현대모비스,현대모비스,,,현대모비스,현대모비스,현대모비스,현대모비스,현대모비스,현대모비스,현대모비스,현대모비스,현대모비스,현대모비스,현대모비스,,현대모비스,현대모비스,현대모비스,현대모비스,현대모비스,현대모비스,현대모비스,현대모비스,현대모비스,현대모비스,현대모비스,현대모비스,현대모비스,현대모비스,현대모비스,현대모비스,현대모비스,현대모비스,현대모비스,현대모비스,현대모비스,현대모비스,현대모비스,현대모비스,현대모비스,현대모비스,현대모비스,현대모비스,현대모비스,현대모비스,현대모비스,현대모비스,현대모비스,현대모비스,현대모비스,현대모비스,현대모비스,현대모비스,현대모비스,현대모비스,현대모비스,현대모비스,현대모비스,현대모비스,현대모비스,현대모비스,현대모비스,현대모비스,현대모비스,현대모비스,현대모비스,현대모비스,현대모비스,현대모비스,현대모비스,현대모비스,현대모비스,현대모비스,현대모비스,현대모비스,현대모비스,현대모비스,현대모비스,현대모비스,현대모비스,현대모비스,현대모비스,현대모비스,현대모비스,현대모비스,현대모비스,현대모비스,현대모비스,현대모비스,현대모비스,현대모비스,현대모비스,현대모비스,현대모비스,현대모비스,현대모비스,현대모비스,현대모비스,현대모비스,현대모비스,현대모비스,현대모비스,현대모비스,현대모비스,현대모비스,현대모비스,현대모비스,현대모비스,현대모비스,현대모비스,현대모비스,현대모비스,현대모비스,현대모비스,현대모비스,현대모비스,현대모비스,현대모비스,현대모비스,현대모비스,현대모비스,현대모비스,현대모비스,현대모비스,현대모비스,현대모비스,현대모비스,현대모비스,현대모비스,현대모비스,현대모비스,현대모비스,현대모비스,현대모비스,현대모비스,현대모비스,현대모비스,현대모비스,현대모비스,현대모비스,현대모비스,현대모비스,현대모비스,현대모비스,현대모비스,현대모비스,현대모비스,현대모비스,현대모비스,현대모비스,현대모비스
00181712,SK,SK,SK,SK,SK,SK,,,SK,SK,SK,SK,,SK,SK,SK,SK,SK,SK,,SK,SK,,SK,SK,SK,SK,SK,SK,SK,SK,SK,,,SK,SK,SK,SK,SK,SK,SK,SK,SK,SK,SK,,SK,SK,SK,SK,SK,SK,SK,SK,SK,SK,SK,SK,SK,SK,SK,SK,SK,SK,SK,SK,SK,SK,SK,SK,SK,SK,SK,SK,,SK,SK,SK,SK,SK,SK,SK,SK,SK,SK,SK,SK,SK,SK,SK,SK,SK,SK,SK,SK,SK,SK,SK,SK,SK,SK,SK,SK,SK,SK,SK,SK,SK,SK,SK,SK,SK,SK,SK,SK,SK,SK,SK,SK,SK,SK,SK,SK,SK,SK,SK,SK,SK,SK,SK,SK,SK,SK,SK,SK,SK,SK,SK,SK,SK,SK,SK,SK,SK,SK,SK,SK,SK,SK,SK,SK,SK,SK,SK,SK,SK,SK,SK,SK,SK,SK,SK,SK,SK,SK,SK,SK,SK,SK,SK,SK,SK,SK,SK,SK,SK,SK,SK,SK,SK,SK,SK
00258801,카카오,카카오,카카오,카카오,카카오,카카오,,,카카오,카카오,카카오,카카오,카카오,카카오,카카오,카카오,카카오,카카오,카카오,,카카오,카카오,카카오,카카오,카카오,카카오,카카오,카카오,카카오,카카오,카카오,카카오,,,카카오,카카오,카카오,카카오,카카오,카카오,카카오,카카오,카카오,카카오,카카오,,카카오,카카오,카카오,카카오,카카오,카카오,카카오,카카오,카카오,카카오,카카오,카카오,카카오,카카오,카카오,,카카오,카카오,카카오,카카오,카카오,카카오,카카오,카카오,카카오,카카오,카카오,카카오,,카카오,카카오,카카오,카카오,카카오,카카오,카카오,카카오,카카오,카카오,카카오,카카오,,카카오,카카오,카카오,카카오,카카오,카카오,카카오,카카오,카카오,카카오,카카오,카카오,,카카오,카카오,카카오,카카오,카카오,카카오,카카오,카카오,카카오,카카오,카카오,카카오,,카카오,카카오,카카오,카카오,카카오,카카오,카카오,카카오,카카오,카카오,카카오,카카오,,카카오,카카오,카카오,카카오,카카오,카카오,카카오,카카오,카카오,카카오,카카오,카카오,,카카오,카카오,카카오,카카오,카카오,카카오,카카오,카카오,카카오,카카오,카카오,카카오,,카카오,카카오,카카오,카카오,카카오,카카오,카카오,카카오,카카오,카카오,카카오,카카오,,카카오,카카오,카카오,카카오,카카오,카카오,카카오,카카오,카카오,카카오,카카오,카카오,,카카오,카카오,카카오
00266961,NAVER,NAVER,NAVER,NAVER,NAVER,NAVER,,NAVER,NAVER,NAVER,NAVER,NAVER,NAVER,NAVER,NAVER,NAVER,NAVER,NAVER,NAVER,,NAVER,NAVER,NAVER,NAVER,NAVER,NAVER,NAVER,NAVER,NAVER,NAVER,NAVER,NAVER,,NAVER,NAVER,NAVER,NAVER,NAVER,NAVER,NAVER,NAVER,NAVER,NAVER,NAVER,NAVER,,NAVER,NAVER,NAVER,NAVER,NAVER,NAVER,NAVER,NAVER,NAVER,NAVER,NAVER,NAVER,NAVER,NAVER,NAVER,NAVER,NAVER,NAVER,NAVER,NAVER,NAVER,NAVER,NAVER,NAVER,NAVER,NAVER,NAVER,NAVER,NAVER,NAVER,NAVER,NAVER,NAVER,NAVER,NAVER,NAVER,NAVER,NAVER,NAVER,NAVER,NAVER,NAVER,NAVER,NAVER,NAVER,NAVER,NAVER,NAVER,NAVER,NAVER,NAVER,NAVER,NAVER,NAVER,NAVER,NAVER,NAVER,NAVER,NAVER,NAVER,NAVER,NAVER,NAVER,NAVER,NAVER,NAVER,NAVER,NAVER,NAVER,NAVER,NAVER,NAVER,NAVER,NAVER,NAVER,NAVER,NAVER,NAVER,NAVER,NAVER,NAVER,NAVER,NAVER,NAVER,NAVER,NAVER,NAVER,NAVER,NAVER,NAVER,NAVER,NAVER,NAVER,NAVER,NAVER,NAVER,NAVER,NAVER,NAVER,NAVER,NAVER,NAVER,NAVER,NAVER,NAVER,NAVER,NAVER,NAVER,NAVER,NAVER,NAVER,NAVER,NAVER,NAVER,NAVER,NAVER,NAVER,NAVER,NAVER,NAVER,NAVER,NAVER,NAVER,NAVER,NAVER,NAVER,NAVER,NAVER,NAVER,NAVER,NAVER,NAVER,NAVER,NAVER,NAVER,NAVER
00356361,LG화학,LG화학,LG화학,LG화학,LG화학,LG화학,,,LG화학,LG화학,LG화학,LG화학,LG화학,LG화학,LG화학,LG화학,LG화학,LG화학,LG화학,,LG화학,LG화학,LG화학,LG화학,LG화학,LG화학,LG화학,LG화학,LG화학,LG화학,LG화학,LG화학,,,LG화학,LG화학,LG화학,LG화학,LG화학,LG화학,LG화학,LG화학,LG화학,LG화학,LG화학,,LG화학,LG화학,LG화학,LG화학,LG화학,LG화학,LG화학,LG화학,LG화학,LG화학,LG화학,LG화학,LG화학,LG화학,LG화학,LG화학,LG화학,LG화학,LG화학,LG화학,LG화학,LG화학,LG화학,LG화학,LG화학,LG화학,LG화학,LG화학,LG화학,LG화학,LG화학,LG화학,LG화학,LG화학,LG화학,LG화학,LG화학,LG화학,LG화학,LG화학,LG화학,LG화학,LG화학,LG화학,LG화학,LG화학,LG화학,LG화학,LG화학,LG화학,LG화학,LG화학,LG화학,LG화학,LG화학,LG화학,LG화학,LG화학,LG화학,LG화학,LG화학,LG화학,LG화학,LG화학,LG화학,LG화학,LG화학,LG화학,LG화학,LG화학,LG화학,LG화학,LG화학,LG화학,LG화학,LG화학,LG화학,LG화학,LG화학,LG화학,LG화학,LG화학,LG화학,LG화학,LG화학,LG화학,LG화학,LG화학,LG화학,LG화학,LG화학,LG화학,LG화학,LG화학,LG화학,LG화학,LG화학,LG화학,LG화학,LG화학,LG화학,LG화학,LG화학,LG화학,LG화학,LG화학,LG화학,LG화학,LG화학,LG화학,LG화학,LG화학,LG화학,LG화학,LG화학,LG화학,LG화학,LG화학,LG화학,LG화학,LG화학,LG화학,LG화학,LG화학,LG화학,LG화학,LG화학,LG화학,LG화학,LG화학,LG화학,LG화학,LG화학,LG화학,LG화학,LG화학
00401731,LG전자,LG전자,LG전자,LG전자,LG전자,LG전자,,,LG전자,LG전자,LG전자,LG전자,LG전자,LG전자,LG전자,LG전자,LG전자,LG전자,LG전자,LG전자,LG전자,LG전자,LG전자,LG전자,LG전자,LG전자,LG전자,LG전자,LG전자,LG전자,LG전자,LG전자,,,LG전자,LG전자,LG전자,LG전자,LG전자,LG전자,LG전자,LG전자,LG전자,LG전자,LG전자,LG전자,LG전자,LG전자,LG전자,LG전자,LG전자,LG전자,LG전자,LG전자,LG전자,LG전자,LG전자,LG전자,LG전자,LG전자,LG전자,LG전자,LG전자,LG전자,LG전자,LG전자,LG전자,LG전자,LG전자,LG전자,LG전자,LG전자,LG전자,LG전자,LG전자,LG전자,LG전자,LG전자,LG전자,LG전자,LG전자,LG전자,LG전자,LG전자,LG전자,LG전자,LG전자,LG전자,LG전자,LG전자,LG전자,LG전자,LG전자,LG전자,LG전자,LG전자,LG전자,LG전자,LG전자,LG전자,LG전자,LG전자,LG전자,LG전자,LG전자,LG전자,LG전자,LG전자,LG전자,LG전자,LG전자,LG전자,LG전자,LG전자,LG전자,LG전자,LG전자,LG전자,LG전자,LG전자,LG전자,LG전자,LG전자,LG전자,LG전자,LG전자,LG전자,LG전자,LG전자,LG전자,LG전자,LG전자,LG전자,LG전자,LG전자,LG전자,LG전자,LG전자,LG전자,LG전자,LG전자,LG전자,LG전자,LG전자,LG전자,LG전자,LG전자,LG전자,LG전자,LG전자,LG전자,LG전자,LG전자,LG전자,LG전자,LG전자,LG전자,LG전자,LG전자,LG전자,LG전자,LG전자,LG전자,LG전자,LG전자,LG전자,LG전자,LG전자,LG전자,LG전자,LG전자,LG전자,LG전자,LG전자,LG전자,LG전자,LG전자,LG전자,LG전자,LG전자,LG전자,LG전자
00413046,셀트리온,셀트리온,셀트리온,셀트리온,셀트리온,셀트리온,셀트리온,셀트리온,셀트리온,셀트리온,셀트리온,셀트리온,셀트리온,셀트리온,셀트리온,셀트리온,셀트리온,셀트리온,셀트리온,셀트리온,셀트리온,셀트리온,셀트리온,셀트리온,셀트리온,셀트리온,셀트리온,셀트리온,셀트리온,셀트리온,셀트리온,셀트리온,셀트리온,셀트리온,셀트리온,셀트리온,셀트리온,셀트리온,셀트리온,셀트리온,셀트리온,셀트리온,셀트리온,셀트리온,셀트리온,셀트리온,셀트리온,셀트리온,셀트리온,셀트리온,셀트리온,셀트리온,셀트리온,셀트리온,셀트리온,셀트리온,셀트리온,셀트리온,셀트리온,셀트리온,셀트리온,셀트리온,셀트리온,셀트리온,셀트리온,셀트리온,셀트리온,셀트리온,셀트리온,셀트리온,셀트리온,셀트리온,셀트리온,셀트리온,셀트리온,셀트리온,셀트리온,셀트리온,셀트리온,셀트리온,셀트리온,셀트리온,셀트리온,셀트리온,셀트리온,셀트리온,셀트리온,셀트리온,셀트리온,셀트리온,셀트리온,셀트리온,셀트리온,셀트리온,셀트리온,셀트리온,셀트리온,셀트리온,셀트리온,셀트리온,셀트리온,셀트리온,셀트리온,셀트리온,셀트리온,셀트리온,셀트리온,셀트리온,셀트리온,셀트리온,셀트리온,셀트리온,셀트리온,셀트리온,셀트리온,셀트리온,셀트리온,셀트리온,셀트리온,셀트리온,셀트리온,셀트리온,셀트리온,셀트리온,셀트리온,셀트리온,셀트리온,셀트리온,셀트리온,셀트리온,셀트리온,셀트리온,셀트리온,셀트리온,셀트리온,셀트리온,셀트리온,셀트리온,셀트리온,셀트리온,셀트리온,셀트리온,셀트리온,셀트리온,셀트리온,셀트리온,셀트리온,셀트리온,셀트리온,셀트리온,셀트리온,셀트리온,셀트리온,셀트리온,셀트리온,셀트리온,셀트리온,셀트리온,셀트리온,셀트리온,셀트리온,셀트리온,셀트리온,셀트리온,셀트리온,셀트리온,셀트리온,셀트리온,셀트리온,셀트리온,셀트리온,셀트리온,셀트리온,셀트리온,셀트리온,셀트리온,셀트리온,셀트리온,셀트리온,셀트리온,셀트리온,셀트리온
00631518,SK이노베이션,SK이노베이션,SK이노베이션,SK이노베이션,SK이노베이션,SK이노베이션,,SK이노베이션,SK이노베이션,SK이노베이션,SK이노베이션,,SK이노베이션,SK이노베이션,SK이노베이션,SK이노베이션,SK이노베이션,SK이노베이션,SK이노베이션,,SK이노베이션,SK이노베이션,SK이노베이션,SK이노베이션,SK이노베이션,SK이노베이션,SK이노베이션,SK이노베이션,SK이노베이션,SK이노베이션,SK이노베이션,SK이노베이션,,SK이노베이션,SK이노베이션,SK이노베이션,SK이노베이션,SK이노베이션,SK이노베이션,SK이노베이션,SK이노베이션,SK이노베이션,SK이노베이션,SK이노베이션,SK이노베이션,,SK이노베이션,SK이노베이션,SK이노베이션,SK이노베이션,SK이노베이션,SK이노베이션,SK이노베이션,SK이노베이션,SK이노베이션,SK이노베이션,SK이노베이션,SK이노베이션,SK이노베이션,SK이노베이션,SK이노베이션,SK이노베이션,SK이노베이션,SK이노베이션,SK이노베이션,SK이노베이션,SK이노베이션,SK이노베이션,SK이노베이션,SK이노베이션,SK이노베이션,SK이노베이션,SK이노베이션,SK이노베이션,SK이노베이션,SK이노베이션,SK이노베이션,SK이노베이션,SK이노베이션,SK이노베이션,SK이노베이션,SK이노베이션,SK이노베이션,SK이노베이션,SK이노베이션,SK이노베이션,SK이노베이션,SK이노베이션,SK이노베이션,SK이노베이션,,SK이노베이션,SK이노베이션,SK이노베이션,SK이노베이션,SK이노베이션,SK이노베이션,SK이노베이션,SK이노베이션,SK이노베이션,SK이노베이션,SK이노베이션,SK이노베이션,,SK이노베이션,SK이노베이션,SK이노베이션,SK이노베이션,SK이노베이션,SK이노베이션,SK이노베이션,SK이노베이션,SK이노베이션,SK이노베이션,SK이노베이션,SK이노베이션,SK이노베이션,SK이노베이션,SK이노베이션,SK이노베이션,SK이노베이션,SK이노베이션,SK이노베이션,SK이노베이션,SK이노베이션,SK이노베이션,SK이노베이션,SK이노베이션,SK이노베이션,SK이노베이션,SK이노베이션,SK이노베이션,SK이노베이션,SK이노베이션,SK이노베이션,SK이노베이션,SK이노베이션,SK이노베이션,SK이노베이션,SK이노베이션,SK이노베이션,SK이노베이션,,SK이노베이션,SK이노베이션,SK이노베이션,SK이노베이션,SK이노베이션,SK이노베이션,SK이노베이션,SK이노베이션,SK이노베이션,SK이노베이션,SK이노베이션,SK이노베이션,SK이노베이션,SK이노베이션,SK이노베이션,SK이노베이션,SK이노베이션,SK이노베이션,SK이노베이션,SK이노베이션,SK이노베이션,SK이노베이션,SK이노베이션,SK이노베이션,SK이노베이션,,SK이노베이션,SK이노베이션,SK이노베이션,SK이노베이션,SK이노베이션,SK이노베이션,SK이노베이션,SK이노베이션,SK이노베이션,SK이노베이션,SK이노베이션,SK이노베이션,SK이노베이션
00877059,,,,,,,,,,,,,,,,,,,,,,,,,,,,,,,,,,,,,,,,,,,,,,,,,,,,,,,,,,,,,,,,,,삼성바이오로직스,삼성바이오로직스,삼성바이오로직스,삼성바이오로직스,삼성바이오로직스,삼성바이오로직스,삼성바이오로직스,삼성바이오로직스,삼성바이오로직스,삼성바이오로직스,삼성바이오로직스,삼성바이오로직스,삼성바이오로직스,,,,,,,,,,,,,,삼성바이오로직스,삼성바이오로직스,삼성바이오로직스,삼성바이오로직스,삼성바이오로직스,삼성바이오로직스,삼성바이오로직스,삼성바이오로직스,삼성바이오로직스,삼성바이오로직스,삼성바이오로직스,삼성바이오로직스,삼성바이오로직스,,,,,,,,,,,,,,삼성바이오로직스,삼성바이오로직스,삼성바이오로직스,삼성바이오로직스,삼성바이오로직스,삼성바이오로직스,삼성바이오로직스,삼성바이오로직스,삼성바이오로직스,삼성바이오로직스,삼성바이오로직스,삼성바이오로직스,삼성바이오로직스,삼성바이오로직스,삼성바이오로직스,삼성바이오로직스,삼성바이오로직스,삼성바이오로직스,삼성바이오로직스,삼성바이오로직스,삼성바이오로직스,삼성바이오로직스,삼성바이오로직스,삼성바이오로직스,삼성바이오로직스,삼성바이오로직스,삼성바이오로직스,삼성바이오로직스,삼성바이오로직스,삼성바이오로직스,삼성바이오로직스,삼성바이오로직스,삼성바이오로직스,삼성바이오로직스,삼성바이오로직스,삼성바이오로직스,삼성바이오로직스,삼성바이오로직스,삼성바이오로직스,삼성바이오로직스,삼성바이오로직스,삼성바이오로직스,삼성바이오로직스,삼성바이오로직스,삼성바이오로직스,삼성바이오로직스,삼성바이오로직스,삼성바이오로직스,삼성바이오로직스,삼성바이오로직스,삼성바이오로직스,삼성바이오로직스,삼성바이오로직스,삼성바이오로직스,삼성바이오로직스,삼성바이오로직스,삼성바이오로직스,삼성바이오로직스,삼성바이오로직스,삼성바이오로직스,삼성바이오로직스,삼성바이오로직스,삼성바이오로직스,삼성바이오로직스,삼성바이오로직스
01515323,,,,,,,,,,,,,,,,,,,,,,,,,,,,,,,,,,,,,,,,,,,,,,,,,,,,,,,,,,,,,,,,,,,,,,,,,,,,,,,,,,,,,,,,,,,,,,,,,,,,,,,,,,,,,,,,,,,,,,,,,,,,,,,,,,,LG에너지솔루션,LG에너지솔루션,LG에너지솔루션,LG에너지솔루션,LG에너지솔루션,LG에너지솔루션,LG에너지솔루션,LG에너지솔루션,LG에너지솔루션,LG에너지솔루션,LG에너지솔루션,LG에너지솔루션,LG에너지솔루션,LG에너지솔루션,LG에너지솔루션,LG에너지솔루션,LG에너지솔루션,LG에너지솔루션,LG에너지솔루션,LG에너지솔루션,LG에너지솔루션,LG에너지솔루션,LG에너지솔루션,LG에너지솔루션,LG에너지솔루션,LG에너지솔루션,LG에너지솔루션,LG에너지솔루션,LG에너지솔루션,LG에너지솔루션,LG에너지솔루션,LG에너지솔루션,LG에너지솔루션,LG에너지솔루션,LG에너지솔루션,LG에너지솔루션,LG에너지솔루션,LG에너지솔루션,LG에너지솔루션,LG에너지솔루션,LG에너지솔루션,LG에너지솔루션,LG에너지솔루션,LG에너지솔루션,LG에너지솔루션,LG에너지솔루션,LG에너지솔루션,LG에너지솔루션,LG에너지솔루션,LG에너지솔루션,LG에너지솔루션,LG에너지솔루션
